{"贵阳市":["云岩区","南明区","清镇市","观山湖区","白云区","乌当区","花溪区","修文县","息烽县","开阳县"],"长春市":["九台区","双阳区","宽城区","德惠市","南关区","榆树市","绿园区","农安县","二道区","朝阳区"],"常德市":["石门县","临澧县","桃源县","汉寿县","澧县","安乡县","武陵区","鼎城区","津市市"],"江门市":["江海区","鹤山市","新会区","恩平市","蓬江区","开平市","台山市"],"咸宁市":["通城县","崇阳县","嘉鱼县","咸安区","赤壁市","通山县"],"定西市":["安定区","通渭县","渭源县","陇西县","漳县","临洮县","岷县"],"香港城区":["沙田区","葵青区","离岛区","元朗区","北区","大埔区","西贡区","黄大仙区","观塘区","荃湾区","屯门区","南区","油尖旺区","深水埗区","九龙城区","中西区","湾仔区","东区"],"新竹县":["竹东镇","五峰乡","芎林乡","宝山乡","北埔乡","峨眉乡","横山乡","尖石乡","竹北市","新埔镇","关西镇","湖口乡","新丰乡"],"吴忠市":["青铜峡市","红寺堡区","利通区","盐池县","同心县"],"海北藏族自治州":["门源回族自治县","海晏县","祁连县","刚察县"],"黑河市":["逊克县","嫩江县","孙吴县","爱辉区","五大连池市","北安市"],"台中市":["南屯区","东区","南区","中区","北屯区","西屯区","西区","北区","太平区","大雅区","神冈区","新社区","潭子区","龙井区","梧栖区","大肚区","沙鹿区","乌日区","丰原区","其它区","大里区","雾峰区","东势区","和平区","后里区","石冈区","外埔区","大安区","清水区","大甲区"],"吉安市":["青原区","吉州区","吉安县","峡江县","吉水县","井冈山市","安福县","万安县","永新县","永丰县","新干县","遂川县","泰和县"],"南投县":["鹿谷乡","信义乡","竹山镇","埔里镇","仁爱乡","草屯镇","国姓乡","水里乡","鱼池乡","名间乡","集集镇","南投市","中寮乡"],"迪庆藏族自治州":["香格里拉市","德钦县","维西傈僳族自治县"],"鸡西市":["麻山区","城子河区","梨树区","鸡东县","滴道区","恒山区","鸡冠区","密山市","虎林市"],"金华市":["磐安县","浦江县","永康市","武义县","兰溪市","金东区","东阳市","婺城区","义乌市"],"大连市":["甘井子区","长海县","普兰店区","金州区","旅顺口区","西岗区","庄河市","中山区","瓦房店市","沙河口区"],"陇南市":["西和县","康县","徽县","礼县","两当县","武都区","成县","宕昌县","文县"],"湘西土家族苗族自治州":["古丈县","永顺县","花垣县","保靖县","泸溪县","凤凰县","吉首市","龙山县"],"河池市":["天峨县","凤山县","南丹县","金城江区","宜州区","都安瑶族自治县","大化瑶族自治县","环江毛南族自治县","巴马瑶族自治县","东兰县","罗城仫佬族自治县"],"甘肃省":["嘉峪关市","庆阳市","金昌市","定西市","平凉市","兰州市","酒泉市","武威市","甘南藏族自治州","张掖市","白银市","陇南市","天水市","临夏回族自治州"],"陕西省":["铜川市","延安市","商洛市","宝鸡市","汉中市","咸阳市","榆林市","西安市","渭南市","安康市"],"伊春市":["嘉荫县","南岔区","伊春区","新青区","翠峦区","西林区","友好区","乌马河区","五营区","金山屯区","美溪区","红星区","乌伊岭区","带岭区","汤旺河区","铁力市","上甘岭区"],"浙江省":["杭州市","湖州市","舟山市","嘉兴市","衢州市","温州市","金华市","丽水市","宁波市","绍兴市","台州市"],"台南市":["仁德区","关庙区","楠西区","南化区","麻豆区","佳里区","龙崎区","官田区","永康区","左镇区","玉井区","归仁区","新化区","下营区","柳营区","东山区","六甲区","东区","大内区","南区","山上区","盐水区","中西区","善化区","将军区","学甲区","西港区","七股区","后壁区","白河区","北门区","新营区","安南区","北区","新市区","安平区","安定区","其它区"],"克孜勒苏柯尔克孜自治州":["阿图什市","阿合奇县","阿克陶县","乌恰县"],"衡阳市":["雁峰区","衡南县","石鼓区","衡山县","珠晖区","衡阳县","常宁市","耒阳市","南岳区","祁东县","蒸湘区","衡东县"],"遂宁市":["船山区","大英县","射洪县","蓬溪县","安居区"],"三明市":["明溪县","清流县","永安市","三元区","梅列区","泰宁县","将乐县","建宁县","大田县","宁化县","沙县","尤溪县"],"阿里地区":["普兰县","札达县","噶尔县","日土县","革吉县","改则县","措勤县"],"开封市":["祥符区","兰考县","通许县","尉氏县","鼓楼区","禹王台区","杞县","龙亭区","顺河回族区"],"普洱市":["景谷傣族彝族自治县","镇沅彝族哈尼族拉祜族自治县","江城哈尼族彝族自治县","孟连傣族拉祜族佤族自治县","澜沧拉祜族自治县","西盟佤族自治县","思茅区","宁洱哈尼族彝族自治县","墨江哈尼族自治县","景东彝族自治县"],"黄石市":["阳新县","下陆区","铁山区","黄石港区","西塞山区","大冶市"],"包头市":["东河区","昆都仑区","白云鄂博矿区","固阳县","九原区","达尔罕茂明安联合旗","青山区","石拐区","土默特右旗"],"聊城市":["冠县","东阿县","高唐县","阳谷县","茌平县","莘县","临清市","东昌府区"],"荆州市":["江陵县","公安县","监利县","松滋市","沙市区","荆州区","洪湖市","石首市"],"资阳市":["乐至县","安岳县","雁江区"],"台东县":["兰屿乡","延平乡","台东市","绿岛乡","关山镇","海端乡","卑南乡","鹿野乡","成功镇","长滨乡","池上乡","东河乡","达仁乡","太麻里乡","金峰乡","大武乡"],"长治市":["潞城市","襄垣县","长治县","黎城县","壶关县","屯留县","平顺县","沁县","沁源县","长子县","武乡县","城区","郊区"],"宁夏回族自治区":["石嘴山市","吴忠市","固原市","银川市","中卫市"],"玉溪市":["华宁县","易门县","峨山彝族自治县","新平彝族傣族自治县","元江哈尼族彝族傣族自治县","红塔区","江川区","澄江县","通海县"],"延安市":["黄陵县","安塞区","宝塔区","志丹县","甘泉县","吴起县","洛川县","富县","黄龙县","宜川县","延长县","子长县","延川县"],"襄阳市":["保康县","南漳县","谷城县","樊城区","襄州区","宜城市","襄城区","老河口市","枣阳市"],"福州市":["福清市","长乐市","永泰县","闽清县","闽侯县","罗源县","连江县","台江区","鼓楼区","平潭县","晋安区","马尾区","仓山区"],"桃园县":["大园乡","芦竹乡","大溪镇","复兴乡","杨梅市","新屋乡","平镇市","龙潭乡","龟山乡","八德市","观音乡","桃园市","中坜市"],"兰州市":["安宁区","永登县","西固区","榆中县","皋兰县","红古区","七里河区","城关区"],"云林县":["二仑乡","北港镇","莿桐乡","西螺镇","四湖乡","元长乡","水林乡","口湖乡","台西乡","仑背乡","褒忠乡","东势乡","林内乡","古坑乡","麦寮乡","斗六市","虎尾镇","土库镇","斗南镇","大埤乡"],"忻州市":["河曲县","保德县","五寨县","岢岚县","忻府区","偏关县","原平市","五台县","代县","定襄县","静乐县","神池县","繁峙县","宁武县"],"威海市":["文登区","乳山市","环翠区","荣成市"],"东莞市":["石龙镇","石排镇","沙田镇","石碣镇","桥头镇","清溪镇","南城街道","企石镇","中堂镇","茶山镇","谢岗镇","樟木头镇","万江街道","望牛墩镇","松山湖管委会","塘厦镇","常平镇","太朗镇","长安镇","高埗镇","莞城街道","东坑镇","凤岗镇","东城街道","东莞生态园","大岭山镇","道滘镇","寮步镇","麻涌镇","虎门镇","黄江镇","厚街镇","虎门港管委会","横沥镇","洪梅镇"],"朔州市":["怀仁县","朔城区","平鲁区","应县","右玉县","山阴县"],"长沙市":["芙蓉区","宁乡市","天心区","浏阳市","望城区","雨花区","岳麓区","开福区","长沙县"],"宜春市":["丰城市","高安市","袁州区","樟树市","靖安县","宜丰县","铜鼓县","奉新县","上高县","万载县"],"焦作市":["博爱县","武陟县","马村区","修武县","解放区","沁阳市","中站区","孟州市","山阳区","温县"],"辽阳市":["太子河区","文圣区","白塔区","灯塔市","弓长岭区","辽阳县","宏伟区"],"阿坝藏族羌族自治州":["茂县","理县","汶川县","阿坝县","壤塘县","黑水县","小金县","金川县","九寨沟县","松潘县","马尔康市","红原县","若尔盖县"],"烟台市":["莱山区","牟平区","福山区","招远市","蓬莱市","海阳市","栖霞市","龙口市","莱州市","芝罘区","长岛县","莱阳市"],"贺州市":["钟山县","富川瑶族自治县","昭平县","八步区","平桂区"],"德宏傣族景颇族自治州":["瑞丽市","芒市","梁河县","盈江县","陇川县"],"晋中市":["左权县","和顺县","榆社县","太谷县","祁县","昔阳县","寿阳县","平遥县","灵石县","榆次区","介休市"],"澳门特别行政区":["澳门城区"],"哈密市":["巴里坤哈萨克自治县","伊吾县","伊州区"],"北京城区":["顺义区","通州区","大兴区","昌平区","平谷区","怀柔区","延庆区","密云区","东城区","西城区","朝阳区","石景山区","丰台区","门头沟区","海淀区","房山区"],"鹤壁市":["淇滨区","淇县","浚县","鹤山区","山城区"],"桂林市":["雁山区","象山区","七星区","临桂区","永福县","灌阳县","全州县","兴安县","灵川县","阳朔县","秀峰区","叠彩区","恭城瑶族自治县","平乐县","荔浦县","龙胜各族自治县","资源县"],"吐鲁番市":["高昌区","鄯善县","托克逊县"],"乌兰察布市":["察哈尔右翼后旗","四子王旗","集宁区","丰镇市","化德县","商都县","卓资县","察哈尔右翼前旗","察哈尔右翼中旗","兴和县","凉城县"],"营口市":["西市区","站前区","大石桥市","盖州市","鲅鱼圈区","老边区"],"德州市":["武城县","齐河县","临邑县","夏津县","平原县","庆云县","宁津县","乐陵市","陵城区","德城区","禹城市"],"博尔塔拉蒙古自治州":["博乐市","阿拉山口市","温泉县","精河县"],"东营市":["河口区","东营区","垦利区","广饶县","利津县"],"湛江市":["遂溪县","坡头区","赤坎区","雷州市","霞山区","吴川市","廉江市","麻章区","徐闻县"],"阳江市":["江城区","阳春市","阳东区","阳西县"],"内蒙古自治区":["赤峰市","巴彦淖尔市","呼和浩特市","通辽市","乌兰察布市","锡林郭勒盟","阿拉善盟","包头市","鄂尔多斯市","兴安盟","乌海市","呼伦贝尔市"],"延边朝鲜族自治州":["敦化市","图们市","延吉市","和龙市","龙井市","珲春市","安图县","汪清县"],"河源市":["龙川县","连平县","紫金县","源城区","和平县","东源县"],"福建省":["福州市","泉州市","宁德市","三明市","龙岩市","莆田市","南平市","厦门市","漳州市"],"鹰潭市":["余江县","贵溪市","月湖区"],"榆林市":["定边县","靖边县","米脂县","绥德县","吴堡县","佳县","子洲县","清涧县","神木市","横山区","榆阳区","府谷县"],"屏东县":["盐埔乡","长治乡","里港乡","高树乡","内埔乡","万丹乡","麟洛乡","竹田乡","屏东市","玛家乡","九如乡","三地门乡","雾台乡","佳冬乡","新园乡","东港镇","琉球乡","春日乡","狮子乡","枋寮乡","枋山乡","来义乡","万峦乡","潮州镇","泰武乡","南州乡","林边乡","莰顶乡","新埤乡","恒春镇","满州乡","车城乡","牡丹乡"],"秦皇岛市":["青龙满族自治县","北戴河区","抚宁区","昌黎县","卢龙县","山海关区","海港区"],"山南市":["扎囊县","贡嘎县","桑日县","琼结县","曲松县","措美县","洛扎县","加查县","隆子县","错那县","浪卡子县","乃东区"],"怀化市":["沅陵县","辰溪县","中方县","鹤城区","洪江市","通道侗族自治县","芷江侗族自治县","靖州苗族侗族自治县","麻阳苗族自治县","新晃侗族自治县","溆浦县","会同县"],"亳州市":["涡阳县","利辛县","蒙城县","谯城区"],"安庆市":["怀宁县","桐城市","大观区","迎江区","岳西县","太湖县","潜山县","宜秀区","望江县","宿松县"],"重庆市":["市辖区","县"],"基隆市":["信义区","中正区","其它区","仁爱区","暖暖区","七堵区","中山区","安乐区"],"信阳市":["潢川县","淮滨县","商城县","固始县","光山县","新县","罗山县","浉河区","平桥区","息县"],"随州市":["曾都区","广水市","随县"],"新乡市":["延津县","牧野区","封丘县","获嘉县","原阳县","凤泉区","新乡县","红旗区","辉县市","卫滨区","卫辉市","长垣县"],"内江市":["隆昌市","东兴区","资中县","威远县","市中区"],"六安市":["霍山县","金寨县","叶集区","舒城县","霍邱县","裕安区","金安区"],"台北市":["文山区","万华区","信义区","松山区","大安区","内湖区","南港区","士林区","北投区","大同区","中山区","其它区","中正区"],"塔城地区":["塔城市","乌苏市","额敏县","沙湾县","裕民县","托里县","和布克赛尔蒙古自治县"],"山西省":["长治市","运城市","太原市","晋城市","忻州市","大同市","朔州市","临汾市","阳泉市","晋中市","吕梁市"],"银川市":["西夏区","永宁县","兴庆区","金凤区","贺兰县","灵武市"],"百色市":["西林县","隆林各族自治县","乐业县","田林县","那坡县","凌云县","德保县","田东县","平果县","田阳县","右江区","靖西市"],"酒泉市":["金塔县","肃北蒙古族自治县","瓜州县","阿克塞哈萨克族自治县","玉门市","肃州区","敦煌市"],"宁德市":["福安市","蕉城区","福鼎市","周宁县","寿宁县","柘荣县","霞浦县","屏南县","古田县"],"湖州市":["南浔区","吴兴区","德清县","安吉县","长兴县"],"沈阳市":["辽中区","于洪区","沈北新区","浑南区","新民市","康平县","法库县","沈河区","和平区","铁西区","皇姑区","大东区","苏家屯区"],"武汉市":["江岸区","江汉区","洪山区","武昌区","青山区","硚口区","汉阳区","黄陂区","新洲区","蔡甸区","江夏区","东西湖区","汉南区"],"阿勒泰地区":["阿勒泰市","布尔津县","福海县","富蕴县","青河县","哈巴河县","吉木乃县"],"湘潭市":["岳塘区","湘潭县","雨湖区","韶山市","湘乡市"],"省直辖县级行政单位":["琼中黎族苗族自治县","保亭黎族苗族自治县","陵水黎族自治县","乐东黎族自治县","昌江黎族自治县","白沙黎族自治县","临高县","东方市","万宁市","文昌市","琼海市","五指山市","澄迈县","屯昌县","定安县"],"莆田市":["秀屿区","荔城区","仙游县","涵江区","城厢区"],"洛阳市":["洛龙区","吉利区","瀍河回族区","涧西区","偃师市","汝阳县","宜阳县","栾川县","嵩县","孟津县","新安县","老城区","西工区","洛宁县","伊川县"],"廊坊市":["大城县","香河县","文安县","大厂回族自治县","三河市","广阳区","安次区","霸州市","永清县","固安县"],"泰安市":["肥城市","泰山区","新泰市","岱岳区","宁阳县","东平县"],"株洲市":["天元区","茶陵县","炎陵县","攸县","石峰区","株洲县","荷塘区","芦淞区","醴陵市"],"钦州市":["浦北县","灵山县","钦南区","钦北区"],"张家口市":["康保县","张北县","尚义县","沽源县","阳原县","蔚县","怀安县","涿鹿县","怀来县","赤城县","桥西区","桥东区","宣化区","下花园区","崇礼区","万全区"],"宝鸡市":["麟游县","千阳县","太白县","凤县","金台区","渭滨区","陈仓区","岐山县","凤翔县","扶风县","陇县","眉县"],"临夏回族自治州":["临夏县","永靖县","康乐县","和政县","广河县","积石山保安族东乡族撒拉族自治县","东乡族自治县","临夏市"],"许昌市":["鄢陵县","襄城县","魏都区","长葛市","建安区","禹州市"],"金昌市":["金川区","永昌县"],"天津市":["天津城区"],"汕尾市":["陆河县","海丰县","城区","陆丰市"],"伊犁哈萨克自治州":["新源县","巩留县","特克斯县","昭苏县","尼勒克县","奎屯市","伊宁市","伊宁县","霍尔果斯市","霍城县","察布查尔锡伯自治县"],"张掖市":["甘州区","肃南裕固族自治县","临泽县","民乐县","山丹县","高台县"],"吕梁市":["交城县","兴县","文水县","石楼县","岚县","临县","柳林县","交口县","方山县","中阳县","离石区","汾阳市","孝义市"],"商洛市":["商州区","洛南县","商南县","丹凤县","镇安县","山阳县","柞水县"],"花莲县":["花莲市","新城乡","卓溪乡","富里乡","万荣乡","玉里镇","吉安乡","寿丰乡","太鲁阁","秀林乡","丰滨乡","瑞穗乡","凤林镇","光复乡"],"菏泽市":["定陶区","牡丹区","东明县","郓城县","巨野县","鄄城县","曹县","成武县","单县"],"林芝市":["波密县","察隅县","朗县","巴宜区","工布江达县","米林县","墨脱县"],"大兴安岭地区":["漠河县","塔河县","呼玛县","呼中区","新林区","松岭区","加格达奇区"],"崇左市":["大新县","天等县","宁明县","龙州县","扶绥县","江州区","凭祥市"],"安徽省":["合肥市","池州市","安庆市","亳州市","蚌埠市","滁州市","芜湖市","黄山市","宣城市","马鞍山市","宿州市","淮南市","阜阳市","铜陵市","六安市","淮北市"],"合肥市":["巢湖市","庐阳区","瑶海区","庐江县","包河区","长丰县","蜀山区","肥西县","肥东县"],"铁岭市":["银州区","开原市","调兵山市","西丰县","铁岭县","清河区","昌图县"],"通辽市":["科尔沁区","霍林郭勒市","科尔沁左翼后旗","开鲁县","科尔沁左翼中旗","扎鲁特旗","库伦旗","奈曼旗"],"本溪市":["溪湖区","平山区","桓仁满族自治县","南芬区","本溪满族自治县","明山区"],"吉林省":["辽源市","白城市","延边朝鲜族自治州","长春市","通化市","吉林市","白山市","四平市","松原市"],"德阳市":["罗江县","中江县","旌阳区","绵竹市","什邡市","广汉市"],"滨州市":["惠民县","无棣县","阳信县","沾化区","滨城区","博兴县","邹平县"],"黄冈市":["蕲春县","黄梅县","英山县","浠水县","红安县","罗田县","团风县","黄州区","武穴市","麻城市"],"三沙市":["中沙群岛的岛礁及其海域","南沙群岛","西沙群岛"],"通化市":["二道江区","东昌区","集安市","梅河口市","辉南县","通化县","柳河县"],"天津城区":["和平区","河西区","河东区","河北区","南开区","红桥区","西青区","东丽区","北辰区","津南区","宝坻区","武清区","宁河区","滨海新区","蓟州区","静海区"],"抚顺市":["东洲区","新抚区","清原满族自治县","新宾满族自治县","抚顺县","望花区","顺城区"],"赤峰市":["红山区","元宝山区","巴林左旗","巴林右旗","松山区","阿鲁科尔沁旗","翁牛特旗","林西县","克什克腾旗","敖汉旗","喀喇沁旗","宁城县"],"泰州市":["姜堰区","兴化市","海陵区","靖江市","高港区","泰兴市"],"常州市":["钟楼区","溧阳市","天宁区","武进区","金坛区","新北区"],"红河哈尼族彝族自治州":["屏边苗族自治县","建水县","石屏县","泸西县","弥勒市","元阳县","红河县","金平苗族瑶族傣族自治县","绿春县","河口瑶族自治县","个旧市","开远市","蒙自市"],"萍乡市":["莲花县","芦溪县","上栗县","安源区","湘东区"],"佛山市":["高明区","顺德区","三水区","禅城区","南海区"],"保山市":["施甸县","龙陵县","昌宁县","腾冲市","隆阳区"],"青海省":["海东市","海北藏族自治州","果洛藏族自治州","黄南藏族自治州","玉树藏族自治州","海西蒙古族藏族自治州","西宁市","海南藏族自治州"],"台湾省":["南投县","桃园县","基隆市","苗栗县","台中市","宜兰县","连江县","金门县","新竹县","云林县","高雄市","花莲县","台南市","新北市","嘉义县","澎湖县","新竹市","屏东县","台北市","嘉义市","彰化县","台东县"],"南宁市":["兴宁区","青秀区","武鸣区","宾阳县","横县","良庆区","马山县","邕宁区","上林县","西乡塘区","隆安县","江南区"],"孝感市":["孝南区","安陆市","应城市","大悟县","云梦县","汉川市","孝昌县"],"昭通市":["昭阳区","鲁甸县","巧家县","盐津县","大关县","永善县","绥江县","镇雄县","彝良县","威信县","水富县"],"澳门城区":["圣方济各堂区","大堂区","风顺堂区","嘉模堂区","路凼填海区","花地玛堂区","花王堂区","望德堂区"],"北海市":["海城区","银海区","铁山港区","合浦县"],"澎湖县":["马公市","西屿乡","白沙乡","湖西乡","望安乡","七美乡"],"宜兰县":["南澳乡","钓鱼台","冬山乡","苏澳镇","壮围乡","员山乡","头城镇","礁溪乡","大同乡","五结乡","罗东镇","三星乡","宜兰市"],"唐山市":["曹妃甸区","丰润区","遵化市","迁安市","滦县","乐亭县","滦南县","迁西县","玉田县","路北区","路南区","开平区","古冶区","丰南区"],"阳泉市":["盂县","平定县","郊区","城区","矿区"],"文山壮族苗族自治州":["文山市","砚山县","西畴县","麻栗坡县","马关县","丘北县","广南县","富宁县"],"四川省":["泸州市","南充市","攀枝花市","资阳市","绵阳市","宜宾市","德阳市","眉山市","成都市","遂宁市","达州市","甘孜藏族自治州","广元市","广安市","阿坝藏族羌族自治州","自贡市","乐山市","巴中市","内江市","雅安市","凉山彝族自治州"],"云浮市":["云城区","云安区","罗定市","郁南县","新兴县"],"自贡市":["沿滩区","富顺县","荣县","大安区","贡井区","自流井区"],"九江市":["九江县","武宁县","瑞昌市","共青城市","湖口县","都昌县","彭泽县","永修县","修水县","庐山市","德安县","浔阳区","柴桑区"],"凉山彝族自治州":["盐源县","木里藏族自治县","昭觉县","金阳县","布拖县","普格县","宁南县","会东县","会理县","德昌县","雷波县","美姑县","甘洛县","越西县","西昌市","冕宁县","喜德县"],"杭州市":["建德市","临安区","淳安县","桐庐县","下城区","上城区","萧山区","滨江区","富阳区","余杭区","拱墅区","江干区","西湖区"],"淮北市":["濉溪县","烈山区","相山区","杜集区"],"周口市":["西华县","商水县","扶沟县","川汇区","项城市","鹿邑县","淮阳县","太康县","沈丘县","郸城县"],"怒江傈僳族自治州":["福贡县","贡山独龙族怒族自治县","兰坪白族普米族自治县","泸水市"],"来宾市":["兴宾区","合山市","金秀瑶族自治县","象州县","武宣县","忻城县"],"潍坊市":["昌乐县","临朐县","奎文区","高密市","坊子区","安丘市","昌邑市","青州市","寒亭区","寿光市","潍城区","诸城市"],"龙岩市":["长汀县","上杭县","漳平市","永定区","新罗区","连城县","武平县"],"眉山市":["青神县","丹棱县","洪雅县","仁寿县","彭山区","东坡区"],"锦州市":["太和区","义县","黑山县","凌河区","古塔区","北镇市","凌海市"],"惠州市":["惠城区","惠阳区","龙门县","博罗县","惠东县"],"丽江市":["古城区","玉龙纳西族自治县","永胜县","华坪县","宁蒗彝族自治县"],"太原市":["古交市","迎泽区","阳曲县","杏花岭区","娄烦县","小店区","清徐县","晋源区","尖草坪区","万柏林区"],"咸阳市":["杨陵区","秦都区","渭城区","礼泉县","乾县","彬县","永寿县","旬邑县","长武县","武功县","淳化县","兴平市","泾阳县","三原县"],"连江县":["东引乡","莒光乡","南竿乡","北竿乡"],"鞍山市":["岫岩满族自治县","台安县","立山区","千山区","铁西区","铁东区","海城市"],"黄南藏族自治州":["同仁县","泽库县","尖扎县","河南蒙古族自治县"],"宁波市":["奉化区","鄞州区","象山县","镇海区","宁海县","江北区","北仑区","余姚市","海曙区","慈溪市"],"甘孜藏族自治州":["炉霍县","道孚县","雅江县","九龙县","丹巴县","泸定县","巴塘县","理塘县","康定市","色达县","石渠县","白玉县","德格县","新龙县","甘孜县","得荣县","稻城县","乡城县"],"济宁市":["曲阜市","梁山县","邹城市","嘉祥县","兖州区","金乡县","泗水县","汶上县","任城区","鱼台县","微山县"],"衢州市":["常山县","江山市","衢江区","柯城区","龙游县","开化县"],"香港特别行政区":["香港城区"],"渭南市":["大荔县","潼关县","澄城县","合阳县","白水县","蒲城县","富平县","韩城市","华州区","临渭区","华阴市"],"新疆维吾尔自治区":["克孜勒苏柯尔克孜自治州","昌吉回族自治州","喀什地区","吐鲁番市","巴音郭楞蒙古自治州","哈密市","阿克苏地区","克拉玛依市","塔城地区","自治区直辖县级行政单位","博尔塔拉蒙古自治州","阿勒泰地区","和田地区","伊犁哈萨克自治州","乌鲁木齐市"],"驻马店市":["驿城区","遂平县","新蔡县","泌阳县","汝南县","正阳县","确山县","上蔡县","平舆县","西平县"],"兴安盟":["突泉县","阿尔山市","乌兰浩特市","科尔沁右翼中旗","扎赉特旗","科尔沁右翼前旗"],"青岛市":["李沧区","崂山区","即墨区","城阳区","黄岛区","莱西市","胶州市","市北区","平度市","市南区"],"运城市":["盐湖区","河津市","永济市","万荣县","闻喜县","临猗县","绛县","垣曲县","稷山县","新绛县","芮城县","夏县","平陆县"],"池州市":["贵池区","东至县","青阳县","石台县"],"张家界市":["桑植县","慈利县","永定区","武陵源区"],"云南省":["昭通市","丽江市","楚雄彝族自治州","德宏傣族景颇族自治州","玉溪市","西双版纳傣族自治州","保山市","大理白族自治州","文山壮族苗族自治州","迪庆藏族自治州","曲靖市","普洱市","昆明市","临沧市","红河哈尼族彝族自治州","怒江傈僳族自治州"],"嘉义市":["西区","其它区","东区"],"山东省":["东营市","临沂市","枣庄市","莱芜市","潍坊市","聊城市","烟台市","德州市","济南市","泰安市","菏泽市","济宁市","滨州市","淄博市","日照市","青岛市","威海市"],"郴州市":["安仁县","汝城县","桂东县","嘉禾县","临武县","宜章县","永兴县","桂阳县","北湖区","苏仙区","资兴市"],"连云港市":["灌南县","海州区","东海县","赣榆区","灌云县","连云区"],"黑龙江省":["鹤岗市","绥化市","双鸭山市","大庆市","伊春市","佳木斯市","哈尔滨市","七台河市","齐齐哈尔市","牡丹江市","鸡西市","黑河市","大兴安岭地区"],"七台河市":["桃山区","新兴区","勃利县","茄子河区"],"达州市":["达川区","通川区","万源市","渠县","大竹县","开江县","宣汉县"],"徐州市":["睢宁县","泉山区","贾汪区","丰县","沛县","新沂市","鼓楼区","邳州市","云龙区","铜山区"],"湖北省":["武汉市","孝感市","荆门市","十堰市","黄冈市","黄石市","荆州市","省直辖县级行政单位","宜昌市","随州市","咸宁市","恩施土家族苗族自治州","鄂州市","襄阳市"],"绵阳市":["平武县","北川羌族自治县","梓潼县","盐亭县","三台县","安州区","游仙区","涪城区","江油市"],"阿拉善盟":["阿拉善右旗","额济纳旗","阿拉善左旗"],"厦门市":["翔安区","同安区","集美区","海沧区","湖里区","思明区"],"安阳市":["文峰区","北关区","林州市","滑县","内黄县","龙安区","安阳县","汤阴县","殷都区"],"乌鲁木齐市":["水磨沟区","乌鲁木齐县","新市区","达坂城区","头屯河区","米东区","沙依巴克区","天山区"],"安康市":["汉阴县","宁陕县","石泉县","岚皋县","紫阳县","镇坪县","平利县","白河县","旬阳县","汉滨区"],"邢台市":["巨鹿县","宁晋县","广宗县","新河县","威县","平乡县","桥西区","临西县","桥东区","清河县","南宫市","沙河市","邢台县","内丘县","临城县","隆尧县","柏乡县","南和县","任县"],"广西壮族自治区":["北海市","来宾市","梧州市","河池市","钦州市","防城港市","崇左市","南宁市","玉林市","贵港市","桂林市","贺州市","柳州市","百色市"],"昌都市":["芒康县","洛隆县","边坝县","卡若区","江达县","贡觉县","类乌齐县","丁青县","察雅县","八宿县","左贡县"],"遵义市":["凤冈县","务川仡佬族苗族自治县","道真仡佬族苗族自治县","正安县","绥阳县","桐梓县","汇川区","红花岗区","习水县","余庆县","湄潭县","播州区","仁怀市","赤水市"],"果洛藏族自治州":["玛沁县","甘德县","班玛县","久治县","达日县","玛多县"],"扬州市":["江都区","高邮市","宝应县","仪征市","广陵区","邗江区"],"嘉峪关市":["市辖区","长城区","雄关区","新城镇","镜铁区","文殊镇","峪泉镇"],"辽宁省":["抚顺市","铁岭市","本溪市","朝阳市","丹东市","葫芦岛市","锦州市","营口市","沈阳市","阜新市","大连市","辽阳市","鞍山市","盘锦市"],"庆阳市":["西峰区","庆城县","华池县","环县","正宁县","合水县","镇原县","宁县"],"南昌市":["西湖区","东湖区","新建区","进贤县","青山湖区","湾里区","南昌县","青云谱区","安义县"],"广东省":["广州市","茂名市","阳江市","湛江市","河源市","深圳市","东莞市","潮州市","韶关市","清远市","汕头市","惠州市","云浮市","珠海市","肇庆市","中山市","揭阳市","江门市","汕尾市","佛山市","梅州市"],"铜陵市":["郊区","铜官区","义安区","枞阳县"],"鄂州市":["鄂城区","梁子湖区","华容区"],"牡丹江市":["林口县","阳明区","海林市","东安区","绥芬河市","东宁市","西安区","穆棱市","爱民区","宁安市"],"曲靖市":["宣威市","麒麟区","沾益区","马龙县","陆良县","师宗县","罗平县","富源县","会泽县"],"娄底市":["娄星区","涟源市","冷水江市","新化县","双峰县"],"新竹市":["北区","香山区","其它区","东区"],"六盘水市":["盘州市","水城县","六枝特区","钟山区"],"临沧市":["凤庆县","云县","永德县","镇康县","双江拉祜族佤族布朗族傣族自治县","耿马傣族佤族自治县","沧源佤族自治县","临翔区"],"吉林市":["丰满区","龙潭区","舒兰市","昌邑区","桦甸市","蛟河市","永吉县","船营区","磐石市"],"金门县":["金沙镇","金城镇","烈屿乡","金湖镇","金宁乡","乌坵乡"],"郑州市":["中原区","荥阳市","二七区","新密市","巩义市","惠济区","上街区","中牟县","管城回族区","新郑市","金水区","登封市"],"淮南市":["八公山区","凤台县","谢家集区","潘集区","寿县","田家庵区","大通区"],"平凉市":["庄浪县","华亭县","静宁县","崆峒区","泾川县","崇信县","灵台县"],"衡水市":["武邑县","武强县","枣强县","故城县","景县","饶阳县","安平县","阜城县","桃城区","深州市","冀州区"],"平顶山市":["叶县","鲁山县","石龙区","宝丰县","新华区","汝州市","卫东区","舞钢市","湛河区","郏县"],"温州市":["永嘉县","苍南县","平阳县","洞头区","瓯海区","瑞安市","龙湾区","鹿城区","乐清市","泰顺县","文成县"],"马鞍山市":["花山区","当涂县","雨山区","和县","博望区","含山县"],"苗栗县":["大湖乡","泰安乡","头屋乡","公馆乡","西湖乡","卓兰镇","铜锣乡","三义乡","狮潭乡","后龙镇","三湾乡","南庄乡","苗栗市","造桥乡","通霄镇","苑里镇","竹南镇","头份镇"],"天水市":["清水县","甘谷县","秦安县","张家川回族自治县","武山县","麦积区","秦州区"],"西宁市":["城北区","大通回族土族自治县","城西区","湟源县","湟中县","城中区","城东区"],"丹东市":["宽甸满族自治县","振兴区","元宝区","凤城市","东港市","振安区"],"丽水市":["云和县","松阳县","景宁畲族自治县","庆元县","青田县","遂昌县","缙云县","龙泉市","莲都区"],"潮州市":["饶平县","湘桥区","潮安区"],"抚州市":["资溪县","广昌县","乐安县","崇仁县","金溪县","宜黄县","南城县","南丰县","黎川县","东乡区","临川区"],"恩施土家族苗族自治州":["建始县","巴东县","利川市","恩施市","鹤峰县","咸丰县","来凤县","宣恩县"],"楚雄彝族自治州":["元谋县","武定县","禄丰县","楚雄市","双柏县","牟定县","南华县","姚安县","大姚县","永仁县"],"柳州市":["三江侗族自治县","融安县","融水苗族自治县","柳江区","柳城县","鹿寨县","柳南区","柳北区","城中区","鱼峰区"],"宿州市":["埇桥区","泗县","砀山县","灵璧县","萧县"],"阿克苏地区":["库车县","温宿县","新和县","沙雅县","乌什县","拜城县","柯坪县","阿瓦提县","阿克苏市"],"珠海市":["金湾区","香洲区","斗门区"],"石家庄市":["辛集市","晋州市","井陉县","新乐市","正定县","行唐县","高邑县","灵寿县","赞皇县","深泽县","平山县","无极县","赵县","元氏县","长安区","新华区","桥西区","井陉矿区","藁城区","裕华区","栾城区","鹿泉区"],"南阳市":["宛城区","卧龙区","桐柏县","唐河县","新野县","邓州市","淅川县","社旗县","镇平县","内乡县","方城县","西峡县","南召县"],"台州市":["仙居县","玉环市","路桥区","天台县","三门县","温岭市","黄岩区","椒江区","临海市"],"市辖区":["渝中区","涪陵区","万州区","大足区","綦江区","北碚区","南岸区","九龙坡区","沙坪坝区","江北区","大渡口区","南川区","永川区","合川区","江津区","长寿区","黔江区","巴南区","渝北区","璧山区","铜梁区","武隆区","梁平区","开州区","荣昌区","潼南区"],"承德市":["平泉市","双滦区","双桥区","承德县","鹰手营子矿区","兴隆县","隆化县","滦平县","宽城满族自治县","丰宁满族自治县","围场满族蒙古族自治县"],"哈尔滨市":["双城区","阿城区","尚志市","依兰县","五常市","木兰县","巴彦县","宾县","方正县","延寿县","通河县","南岗区","道里区","道外区","呼兰区","香坊区","松北区","平房区"],"赣州市":["赣县区","瑞金市","崇义县","上犹县","龙南县","安远县","大余县","信丰县","会昌县","兴国县","南康区","石城县","章贡区","寻乌县","全南县","定南县","于都县","宁都县"],"鄂尔多斯市":["乌审旗","伊金霍洛旗","鄂托克旗","杭锦旗","东胜区","康巴什区","准格尔旗","鄂托克前旗","达拉特旗"],"海西蒙古族藏族自治州":["海西蒙古族藏族自治州直辖","格尔木市","德令哈市","乌兰县","天峻县","都兰县"],"佳木斯市":["向阳区","抚远市","富锦市","同江市","桦南县","东风区","前进区","郊区","桦川县","汤原县"],"漯河市":["临颍县","召陵区","舞阳县","源汇区","郾城区"],"广元市":["剑阁县","青川县","旺苍县","利州区","朝天区","昭化区","苍溪县"],"绥化市":["海伦市","北林区","肇东市","安达市","青冈县","兰西县","望奎县","绥棱县","明水县","庆安县"],"海东市":["平安区","乐都区","互助土族自治县","民和回族土族自治县","循化撒拉族自治县","化隆回族自治县"],"梅州市":["平远县","蕉岭县","五华县","大埔县","丰顺县","梅江区","梅县区","兴宁市"],"高雄市":["楠梓区","小港区","三民区","左营区","其它区","梓官区","弥陀区","燕巢区","桥头区","凤山区","大寮区","永安区","湖内区","仁武区","大社区","苓雅区","阿莲区","田寮区","冈山区","路竹区","前金区","那玛夏区","芩雅区","茂林区","甲仙区","新兴区","桃源区","旗津区","前镇区","盐埕区","茄萣区","鼓山区","大树区","旗山区","林园区","鸟松区","内门区","杉林区","美浓区","六龟区"],"南平市":["政和县","松溪县","顺昌县","光泽县","浦城县","邵武市","建阳区","建瓯市","延平区","武夷山市"],"贵州省":["贵阳市","毕节市","安顺市","遵义市","黔西南布依族苗族自治州","黔南布依族苗族自治州","六盘水市","铜仁市","黔东南苗族侗族自治州"],"白银市":["平川区","白银区","靖远县","景泰县","会宁县"],"邯郸市":["馆陶县","广平县","丛台区","曲周县","邯山区","魏县","复兴区","肥乡区","峰峰矿区","永年区","武安市","临漳县","大名县","成安县","磁县","涉县","鸡泽县","邱县"],"湖南省":["邵阳市","娄底市","衡阳市","怀化市","常德市","湘西土家族苗族自治州","岳阳市","长沙市","益阳市","张家界市","湘潭市","永州市","株洲市","郴州市"],"景德镇市":["浮梁县","乐平市","珠山区","昌江区"],"巴音郭楞蒙古自治州":["且末县","若羌县","和静县","焉耆回族自治县","博湖县","和硕县","库尔勒市","尉犁县","轮台县"],"汉中市":["留坝县","镇巴县","佛坪县","南郑区","汉台区","洋县","城固县","勉县","西乡县","略阳县","宁强县"],"拉萨市":["林周县","当雄县","尼木县","曲水县","达孜县","墨竹工卡县","城关区","堆龙德庆区"],"呼和浩特市":["新城区","回民区","托克托县","和林格尔县","玉泉区","赛罕区","土默特左旗","清水河县","武川县"],"肇庆市":["广宁县","高要区","四会市","端州区","鼎湖区","德庆县","怀集县","封开县"],"新北市":["三峡区","树林区","中和区","土城区","新庄区","泰山区","三重区","双溪区","瑞芳区","平溪区","乌来区","永和区","新店区","坪林区","万里区","深坑区","板桥区","汐止区","五股区","八里区","林口区","淡水区","三芝区"],"晋城市":["城区","高平市","阳城县","沁水县","陵川县","泽州县"],"白城市":["洮北区","大安市","洮南市","通榆县","镇赉县"],"大庆市":["杜尔伯特蒙古族自治县","龙凤区","萨尔图区","林甸县","大同区","肇源县","红岗区","肇州县","让胡路区"],"济南市":["市中区","历下区","长清区","历城区","章丘区","济阳县","平阴县","商河县","天桥区","槐荫区"],"新余市":["渝水区","分宜县"],"巴中市":["平昌县","南江县","通江县","恩阳区","巴州区"],"苏州市":["常熟市","张家港市","昆山市","姑苏区","吴江区","虎丘区","太仓市","吴中区","相城区"],"铜仁市":["松桃苗族自治县","沿河土家族自治县","德江县","印江土家族苗族自治县","思南县","石阡县","玉屏侗族自治县","江口县","万山区","碧江区"],"宿迁市":["宿城区","泗洪县","宿豫区","沭阳县","泗阳县"],"淄博市":["临淄区","桓台县","博山区","沂源县","周村区","高青县","张店区","淄川区"],"盐城市":["东台市","亭湖区","盐都区","射阳县","建湖县","大丰区","响水县","滨海县","阜宁县"],"黔南布依族苗族自治州":["平塘县","独山县","瓮安县","贵定县","荔波县","福泉市","都匀市","三都水族自治县","惠水县","龙里县","长顺县","罗甸县"],"阜阳市":["临泉县","颍泉区","太和县","颍东区","颍州区","界首市","阜南县","颍上县"],"昌吉回族自治州":["木垒哈萨克自治县","昌吉市","阜康市","呼图壁县","奇台县","玛纳斯县","吉木萨尔县"],"防城港市":["上思县","港口区","防城区","东兴市"],"嘉义县":["番路乡","梅山乡","新港乡","民雄乡","东石乡","六脚乡","义竹乡","布袋镇","大林镇","溪口乡","中埔乡","大埔乡","竹崎乡","阿里山乡","太保市","朴子市","水上乡","鹿草乡"],"儋州市":["新州镇","光村镇","兰洋镇","雅星镇","大成镇","南丰镇","和庆镇","那大镇","东成镇","排浦镇","中和镇","白马井镇","王五镇","峨蔓镇","海头镇","木棠镇"],"江苏省":["南京市","盐城市","淮安市","徐州市","镇江市","无锡市","扬州市","苏州市","宿迁市","常州市","泰州市","连云港市","南通市"],"日喀则市":["仲巴县","亚东县","桑珠孜区","吉隆县","聂拉木县","萨嘎县","岗巴县","萨迦县","拉孜县","昂仁县","谢通门县","白朗县","仁布县","康马县","定结县","南木林县","江孜县","定日县"],"甘南藏族自治州":["合作市","临潭县","舟曲县","卓尼县","玛曲县","迭部县","夏河县","碌曲县"],"河北省":["邯郸市","承德市","石家庄市","邢台市","沧州市","唐山市","保定市","廊坊市","秦皇岛市","张家口市","衡水市"],"和田地区":["策勒县","洛浦县","民丰县","于田县","和田市","和田县","皮山县","墨玉县"],"荆门市":["沙洋县","掇刀区","京山县","东宝区","钟祥市"],"韶关市":["翁源县","仁化县","始兴县","浈江区","曲江区","南雄市","武江区","乳源瑶族自治县","新丰县","乐昌市"],"白山市":["浑江区","临江市","长白朝鲜族自治县","靖宇县","江源区","抚松县"],"双鸭山市":["岭东区","尖山区","宝清县","宝山区","友谊县","四方台区","集贤县","饶河县"],"玉林市":["玉州区","福绵区","北流市","兴业县","陆川县","博白县","容县"],"黄山市":["祁门县","歙县","徽州区","黟县","休宁县","黄山区","屯溪区"],"濮阳市":["华龙区","濮阳县","范县","台前县","清丰县","南乐县"],"阜新市":["新邱区","海州区","彰武县","清河门区","阜新蒙古族自治县","太平区","细河区"],"南京市":["六合区","溧水区","玄武区","高淳区","栖霞区","雨花台区","江宁区","浦口区","秦淮区","建邺区","鼓楼区"],"乐山市":["沙湾区","夹江县","井研县","犍为县","市中区","马边彝族自治县","峨眉山市","峨边彝族自治县","金口河区","沐川县","五通桥区"],"广安市":["邻水县","武胜县","岳池县","前锋区","广安区","华蓥市"],"镇江市":["润州区","丹阳市","京口区","扬中市","句容市","丹徒区"],"三门峡市":["渑池县","湖滨区","灵宝市","陕州区","义马市","卢氏县"],"成都市":["邛崃市","彭州市","郫都区","都江堰市","双流区","温江区","新都区","青白江区","龙泉驿区","金堂县","简阳市","崇州市","新津县","蒲江县","大邑县","成华区","武侯区","金牛区","青羊区","锦江区"],"呼伦贝尔市":["莫力达瓦达斡尔族自治旗","鄂伦春自治旗","额尔古纳市","阿荣旗","根河市","新巴尔虎左旗","新巴尔虎右旗","鄂温克族自治旗","陈巴尔虎旗","海拉尔区","扎赉诺尔区","牙克石市","扎兰屯市","满洲里市"],"西藏自治区":["日喀则市","那曲地区","昌都市","林芝市","拉萨市","山南市","阿里地区"],"深圳市":["坪山区","盐田区","龙华区","宝安区","龙岗区","福田区","南山区","罗湖区"],"临汾市":["安泽县","浮山县","洪洞县","古县","大宁县","隰县","吉县","乡宁县","尧都区","汾西县","永和县","蒲县","霍州市","侯马市","翼城县","襄汾县","曲沃县"],"岳阳市":["平江县","君山区","湘阴县","华容县","岳阳县","岳阳楼区","临湘市","云溪区","汨罗市"],"自治区直辖县级行政单位":["阿拉尔市","图木舒克市","石河子市","铁门关市","双河市","五家渠市","北屯市","可克达拉市","昆玉市"],"揭阳市":["揭西县","榕城区","揭东区","普宁市","惠来县"],"西安市":["蓝田县","周至县","雁塔区","未央区","临潼区","阎良区","高陵区","长安区","鄠邑区","莲湖区","灞桥区","碑林区","新城区"],"大理白族自治州":["漾濞彝族自治县","祥云县","宾川县","弥渡县","南涧彝族自治县","巍山彝族回族自治县","永平县","云龙县","洱源县","剑川县","鹤庆县","大理市"],"喀什地区":["伽师县","岳普湖县","塔什库尔干塔吉克自治县","巴楚县","喀什市","疏附县","英吉沙县","疏勒县","莎车县","泽普县","麦盖提县","叶城县"],"四平市":["伊通满族自治县","梨树县","铁东区","铁西区","双辽市","公主岭市"],"梧州市":["龙圩区","藤县","蒙山县","长洲区","苍梧县","万秀区","岑溪市"],"三亚市":["崖州区","天涯区","吉阳区","海棠区"],"雅安市":["宝兴县","芦山县","天全县","石棉县","汉源县","荥经县","名山区","雨城区"],"锡林郭勒盟":["正蓝旗","多伦县","镶黄旗","正镶白旗","锡林浩特市","二连浩特市","阿巴嘎旗","苏尼特左旗","西乌珠穆沁旗","太仆寺旗","苏尼特右旗","东乌珠穆沁旗"],"沧州市":["泊头市","黄骅市","任丘市","沧县","河间市","东光县","青县","盐山县","海兴县","南皮县","肃宁县","献县","吴桥县","孟村回族自治县","运河区","新华区"],"北京市":["北京城区"],"巴彦淖尔市":["临河区","磴口县","乌拉特前旗","五原县","杭锦后旗","乌拉特中旗","乌拉特后旗"],"无锡市":["梁溪区","新吴区","滨湖区","锡山区","惠山区","江阴市","宜兴市"],"枣庄市":["台儿庄区","峄城区","山亭区","滕州市","薛城区","市中区"],"保定市":["阜平县","唐县","定兴县","容城县","高阳县","望都县","涞源县","易县","安新县","蠡县","竞秀区","曲阳县","博野县","顺平县","满城区","莲池区","雄县","徐水区","清苑区","涿州市","安国市","定州市","高碑店市","涞水县"],"克拉玛依市":["克拉玛依区","独山子区","乌尔禾区","白碱滩区"],"宜昌市":["当阳市","枝江市","宜都市","兴山县","秭归县","远安县","西陵区","伍家岗区","长阳土家族自治县","五峰土家族自治县","夷陵区","点军区","猇亭区"],"泸州市":["纳溪区","江阳区","古蔺县","叙永县","合江县","泸县","龙马潭区"],"安顺市":["镇宁布依族苗族自治县","普定县","平坝区","西秀区","紫云苗族布依族自治县","关岭布依族苗族自治县"],"黔东南苗族侗族自治州":["黎平县","台江县","剑河县","锦屏县","天柱县","岑巩县","镇远县","三穗县","丹寨县","麻江县","雷山县","凯里市","从江县","榕江县","施秉县","黄平县"],"绍兴市":["新昌县","上虞区","诸暨市","柯桥区","嵊州市","越城区"],"齐齐哈尔市":["梅里斯达斡尔族区","讷河市","依安县","龙江县","富裕县","甘南县","泰来县","拜泉县","克东县","克山县","建华区","龙沙区","碾子山区","富拉尔基区","昂昂溪区","铁锋区"],"大同市":["左云县","南郊区","大同县","灵丘县","浑源县","新荣区","城区","矿区","天镇县","广灵县","阳高县"],"乌海市":["乌达区","海勃湾区","海南区"],"海南藏族自治州":["共和县","贵德县","同德县","贵南县","兴海县"],"葫芦岛市":["龙港区","连山区","兴城市","建昌县","绥中县","南票区"],"上海城区":["金山区","松江区","青浦区","崇明区","闵行区","宝山区","嘉定区","浦东新区","奉贤区","黄浦区","虹口区","杨浦区","徐汇区","长宁区","静安区","普陀区"],"十堰市":["竹溪县","房县","郧西县","竹山县","郧阳区","茅箭区","张湾区","丹江口市"],"西双版纳傣族自治州":["景洪市","勐海县","勐腊县"],"海口市":["美兰区","琼山区","龙华区","秀英区"],"邵阳市":["双清区","大祥区","武冈市","新宁县","城步苗族自治县","北塔区","绥宁县","隆回县","洞口县","新邵县","邵阳县","邵东县"],"黔西南布依族苗族自治州":["册亨县","望谟县","贞丰县","晴隆县","普安县","兴仁县","兴义市","安龙县"],"朝阳市":["龙城区","双塔区","凌源市","北票市","建平县","朝阳县","喀喇沁左翼蒙古族自治县"],"武威市":["凉州区","民勤县","天祝藏族自治县","古浪县"],"嘉兴市":["嘉善县","海宁市","桐乡市","南湖区","平湖市","海盐县","秀洲区"],"铜川市":["印台区","王益区","耀州区","宜君县"],"盘锦市":["盘山县","大洼区","兴隆台区","双台子区"],"江西省":["南昌市","新余市","宜春市","九江市","吉安市","萍乡市","赣州市","上饶市","景德镇市","鹰潭市","抚州市"],"莱芜市":["钢城区","莱城区"],"益阳市":["资阳区","赫山区","沅江市","桃江县","安化县","南县"],"彰化县":["彰化市","芬园乡","埔心乡","溪湖镇","社头乡","永靖乡","田中镇","北斗镇","大村乡","埔盐乡","鹿港镇","福兴乡","花坛乡","秀水乡","伸港乡","员林镇","线西乡","和美镇","溪州乡","竹塘乡","田尾乡","埤头乡","芳苑乡","二水乡","二林镇","大城乡"],"蚌埠市":["淮上区","怀远县","禹会区","固镇县","五河县","蚌山区","龙子湖区"],"日照市":["五莲县","莒县","岚山区","东港区"],"淮安市":["淮阴区","淮安区","清江浦区","洪泽区","盱眙县","金湖县","涟水县"],"中山市":["五桂山街道","西区街道","石岐区街道","坦洲镇","沙溪镇","神湾镇","三角镇","三乡镇","小榄镇","阜沙镇","港口镇","东区街道","东升镇","大涌镇","东凤镇","板芙镇","南区街道","南头镇","民众镇","南朗镇","黄圃镇","火炬开发区街道","古镇镇","横栏镇"],"攀枝花市":["盐边县","米易县","西区","东区","仁和区"],"昆明市":["富民县","宜良县","石林彝族自治县","嵩明县","西山区","东川区","呈贡区","晋宁区","安宁市","官渡区","禄劝彝族苗族自治县","寻甸回族彝族自治县","五华区","盘龙区"],"宣城市":["旌德县","绩溪县","郎溪县","泾县","广德县","宁国市","宣州区"],"那曲地区":["色尼区","嘉黎县","比如县","聂荣县","安多县","申扎县","索县","班戈县","巴青县","尼玛县","双湖县"],"贵港市":["覃塘区","平南县","港北区","港南区","桂平市"],"南充市":["高坪区","顺庆区","阆中市","西充县","仪陇县","蓬安县","营山县","南部县","嘉陵区"],"永州市":["宁远县","蓝山县","道县","江永县","东安县","双牌县","祁阳县","零陵区","冷水滩区","新田县","江华瑶族自治县"],"县":["垫江县","丰都县","城口县","彭水苗族土家族自治县","酉阳土家族苗族自治县","秀山土家族苗族自治县","石柱土家族自治县","巫溪县","巫山县","奉节县","云阳县","忠县"],"汕头市":["潮南区","澄海区","濠江区","潮阳区","金平区","龙湖区","南澳县"],"宜宾市":["筠连县","珙县","高县","长宁县","江安县","宜宾县","南溪区","翠屏区","屏山县","兴文县"],"清远市":["连南瑶族自治县","连山壮族瑶族自治县","阳山县","佛冈县","清城区","连州市","清新区","英德市"],"辽源市":["西安区","龙山区","东辽县","东丰县"],"石嘴山市":["大武口区","惠农区","平罗县"],"临沂市":["兰山区","临沭县","河东区","蒙阴县","费县","兰陵县","罗庄区","莒南县","平邑县","沂南县","沂水县","郯城县"],"上海市":["上海城区"],"泉州市":["石狮市","丰泽区","南安市","鲤城区","晋江市","永春县","安溪县","金门县","德化县","泉港区","惠安县","洛江区"],"中卫市":["中宁县","海原县","沙坡头区"],"玉树藏族自治州":["玉树市","称多县","杂多县","囊谦县","治多县","曲麻莱县"],"广州市":["增城区","荔湾区","从化区","花都区","南沙区","黄埔区","番禺区","白云区","天河区","越秀区","海珠区"],"滁州市":["定远县","全椒县","凤阳县","来安县","天长市","南谯区","琅琊区","明光市"],"松原市":["乾安县","长岭县","前郭尔罗斯蒙古族自治县","宁江区","扶余市"],"河南省":["安阳市","南阳市","平顶山市","三门峡市","新乡市","信阳市","鹤壁市","商丘市","郑州市","濮阳市","驻马店市","焦作市","周口市","洛阳市","漯河市","开封市","许昌市","省直辖县级行政单位"],"上饶市":["横峰县","铅山县","余干县","弋阳县","上饶县","玉山县","德兴市","广丰区","信州区","万年县","鄱阳县","婺源县"],"茂名市":["茂南区","化州市","信宜市","高州市","电白区"],"舟山市":["普陀区","定海区","岱山县","嵊泗县"],"海南省":["海口市","儋州市","三沙市","三亚市","省直辖县级行政单位"],"固原市":["彭阳县","泾源县","原州区","隆德县","西吉县"],"芜湖市":["无为县","三山区","芜湖县","鸠江区","南陵县","繁昌县","弋江区","镜湖区"],"毕节市":["七星关区","赫章县","威宁彝族回族苗族自治县","纳雍县","织金县","金沙县","黔西县","大方县"],"鹤岗市":["工农区","向阳区","兴山区","东山区","绥滨县","兴安区","萝北县","南山区"],"南通市":["通州区","港闸区","海门市","海安县","如东县","启东市","崇川区","如皋市"],"商丘市":["夏邑县","柘城县","虞城县","睢县","宁陵县","民权县","梁园区","睢阳区","永城市"],"漳州市":["华安县","平和县","长泰县","诏安县","南靖县","东山县","漳浦县","云霄县","龙海市","龙文区","芗城区"]}
